{"cameraMode":{"drawMode":0,"name":"Shaded","section":"Shading Mode"},"sceneLighting":false,"audioPlay":false,"sceneViewState":{"m_AlwaysRefresh":false,"showFog":true,"showSkybox":false,"showFlares":true,"showImageEffects":true,"showParticleSystems":true,"showVisualEffectGraphs":true,"m_FxEnabled":true},"in2DMode":false,"pivot":{"x":568.0916137695313,"y":348.7100524902344,"z":0.28753960132598879},"rotation":{"x":0.1419852077960968,"y":-0.08140621334314347,"z":0.0011962109711021186,"w":0.9879906177520752},"size":1.0012485980987549,"orthographic":false}