{"cameraMode":{"drawMode":0,"name":"Shaded","section":"Shading Mode"},"sceneLighting":false,"audioPlay":false,"sceneViewState":{"m_AlwaysRefresh":false,"showFog":true,"showSkybox":false,"showFlares":true,"showImageEffects":true,"showParticleSystems":true,"showVisualEffectGraphs":true,"m_FxEnabled":true},"in2DMode":false,"pivot":{"x":203.96824645996095,"y":15.596248626708985,"z":399.5843811035156},"rotation":{"x":0.04560714587569237,"y":-0.889764130115509,"z":0.07979045808315277,"w":0.44970259070396426},"size":0.8660253882408142,"orthographic":false}