{"cameraMode":{"drawMode":0,"name":"Shaded","section":"Shading Mode"},"sceneLighting":false,"audioPlay":false,"sceneViewState":{"m_AlwaysRefresh":false,"showFog":true,"showSkybox":false,"showFlares":true,"showImageEffects":true,"showParticleSystems":true,"showVisualEffectGraphs":true,"m_FxEnabled":true},"in2DMode":false,"pivot":{"x":-0.044904664158821109,"y":0.37057265639305117,"z":-1.1883702278137208},"rotation":{"x":0.0029422082006931307,"y":-0.9957516193389893,"z":0.09135375171899796,"w":0.028660833835601808},"size":1.34526526927948,"orthographic":false}